source_label,n,top1_name,count,fraction
808,100,Music,98,0.980000
808,100,Keyboard (musical),2,0.020000
BD2,100,Music,79,0.790000
BD2,100,Vehicle,10,0.100000
BD2,100,Pink noise,4,0.040000
BD2,100,Cacophony,3,0.030000
BD2,100,Noise,1,0.010000
BD2,100,Clang,1,0.010000
BD2,100,Artillery fire,1,0.010000
BD2,100,Helicopter,1,0.010000
BMF,100,Music,91,0.910000
BMF,100,Cacophony,5,0.050000
BMF,100,Artillery fire,2,0.020000
BMF,100,Synthesizer,1,0.010000
BMF,100,Noise,1,0.010000
DPL,100,Music,96,0.960000
DPL,100,Cacophony,3,0.030000
DPL,100,Timpani,1,0.010000
DS1,100,Music,81,0.810000
DS1,100,Vehicle,14,0.140000
DS1,100,Cacophony,2,0.020000
DS1,100,Noise,1,0.010000
DS1,100,Machine gun,1,0.010000
DS1,100,Static,1,0.010000
FFC,100,Music,88,0.880000
FFC,100,Vehicle,6,0.060000
FFC,100,Cacophony,4,0.040000
FFC,100,Artillery fire,2,0.020000
MGS,100,Music,100,1.000000
OD1,100,Music,99,0.990000
OD1,100,Vehicle,1,0.010000
RAT,100,Music,89,0.890000
RAT,100,Vehicle,9,0.090000
RAT,100,Cacophony,1,0.010000
RAT,100,Static,1,0.010000
RBM,100,Music,74,0.740000
RBM,100,Vehicle,17,0.170000
RBM,100,Noise,5,0.050000
RBM,100,Distortion,2,0.020000
RBM,100,Timpani,1,0.010000
RBM,100,Synthesizer,1,0.010000
SD1,100,Music,97,0.970000
SD1,100,Timpani,1,0.010000
SD1,100,Noise,1,0.010000
SD1,100,Vehicle,1,0.010000
TS9,100,Music,99,0.990000
TS9,100,Keyboard (musical),1,0.010000
VTB,100,Music,94,0.940000
VTB,100,Pink noise,2,0.020000
VTB,100,Cacophony,1,0.010000
VTB,100,Noise,1,0.010000
VTB,100,Sound effect,1,0.010000
VTB,100,Static,1,0.010000
