source_label,audioset_class,n,mean_logit,mean_prob,top5_count,top5_fraction
808,Music,8400,1.101804,0.734521,8400,1.000000
808,Musical instrument,8400,-1.009299,0.283152,7944,0.945714
808,Guitar,8400,-1.739074,0.188343,4616,0.549524
808,Bass guitar,8400,-3.474029,0.047260,47,0.005595
808,Distortion,8400,-1.882636,0.207438,3313,0.394405
808,Effects unit,8400,-1.712751,0.204423,4097,0.487738
808,Electronic tuner,8400,-2.734104,0.084500,595,0.070833
808,Noise,8400,-7.198133,0.002176,16,0.001905
808,Synthesizer,8400,-2.951120,0.085896,1033,0.122976
BD2,Music,8400,0.053819,0.516701,8220,0.978571
BD2,Musical instrument,8400,-2.663870,0.118386,4343,0.517024
BD2,Guitar,8400,-3.157928,0.097032,3273,0.389643
BD2,Bass guitar,8400,-4.362708,0.040923,336,0.040000
BD2,Distortion,8400,-3.549927,0.094095,2373,0.282500
BD2,Effects unit,8400,-3.618628,0.073991,1605,0.191071
BD2,Electronic tuner,8400,-5.274621,0.021823,130,0.015476
BD2,Noise,8400,-5.237852,0.017695,498,0.059286
BD2,Synthesizer,8400,-4.669191,0.022802,293,0.034881
BMF,Music,8400,0.615533,0.623003,8373,0.996786
BMF,Musical instrument,8400,-1.634781,0.208103,7141,0.850119
BMF,Guitar,8400,-2.222471,0.170079,4547,0.541310
BMF,Bass guitar,8400,-3.358107,0.065982,299,0.035595
BMF,Distortion,8400,-1.968802,0.217848,4863,0.578929
BMF,Effects unit,8400,-2.214654,0.165998,3474,0.413571
BMF,Electronic tuner,8400,-4.511112,0.030032,71,0.008452
BMF,Noise,8400,-4.646198,0.029451,1069,0.127262
BMF,Synthesizer,8400,-3.461848,0.064908,1242,0.147857
DPL,Music,1680,1.038884,0.707409,1680,1.000000
DPL,Musical instrument,1680,-1.055035,0.291295,1610,0.958333
DPL,Guitar,1680,-1.697445,0.220392,1231,0.732738
DPL,Bass guitar,1680,-3.196452,0.074463,137,0.081548
DPL,Distortion,1680,-2.142336,0.176413,734,0.436905
DPL,Effects unit,1680,-2.289095,0.144494,463,0.275595
DPL,Electronic tuner,1680,-3.413349,0.067085,112,0.066667
DPL,Noise,1680,-6.519830,0.006704,20,0.011905
DPL,Synthesizer,1680,-3.479091,0.054076,165,0.098214
DS1,Music,8400,-0.124845,0.495739,7949,0.946310
DS1,Musical instrument,8400,-2.675986,0.123915,4661,0.554881
DS1,Guitar,8400,-3.528274,0.090525,2295,0.273214
DS1,Bass guitar,8400,-4.513000,0.046153,465,0.055357
DS1,Distortion,8400,-3.105709,0.142959,3071,0.365595
DS1,Effects unit,8400,-3.217141,0.113603,2379,0.283214
DS1,Electronic tuner,8400,-4.993584,0.023970,67,0.007976
DS1,Noise,8400,-4.367903,0.026882,970,0.115476
DS1,Synthesizer,8400,-3.931057,0.050665,972,0.115714
FFC,Music,2100,0.351537,0.571800,2084,0.992381
FFC,Musical instrument,2100,-1.684755,0.195196,1803,0.858571
FFC,Guitar,2100,-2.435942,0.142105,1068,0.508571
FFC,Bass guitar,2100,-3.284049,0.071939,145,0.069048
FFC,Distortion,2100,-2.225053,0.177613,1177,0.560476
FFC,Effects unit,2100,-2.570096,0.122790,655,0.311905
FFC,Electronic tuner,2100,-4.587951,0.025857,19,0.009048
FFC,Noise,2100,-4.537451,0.029493,243,0.115714
FFC,Synthesizer,2100,-3.425435,0.047222,223,0.106190
MGS,Music,8400,1.371963,0.780093,8400,1.000000
MGS,Musical instrument,8400,-0.840957,0.314588,8094,0.963571
MGS,Guitar,8400,-1.535515,0.222578,5554,0.661190
MGS,Bass guitar,8400,-3.486742,0.046820,63,0.007500
MGS,Distortion,8400,-1.781876,0.214200,3585,0.426786
MGS,Effects unit,8400,-1.639272,0.211022,4407,0.524643
MGS,Electronic tuner,8400,-2.699670,0.096961,984,0.117143
MGS,Noise,8400,-8.228198,0.001343,6,0.000714
MGS,Synthesizer,8400,-3.156101,0.077961,933,0.111071
OD1,Music,1680,0.990369,0.710918,1679,0.999405
OD1,Musical instrument,1680,-1.177477,0.260557,1560,0.928571
OD1,Guitar,1680,-1.982209,0.170633,864,0.514286
OD1,Bass guitar,1680,-3.652813,0.044232,7,0.004167
OD1,Distortion,1680,-1.715365,0.231788,855,0.508929
OD1,Effects unit,1680,-1.679994,0.213991,964,0.573810
OD1,Electronic tuner,1680,-3.234273,0.068391,107,0.063690
OD1,Noise,1680,-6.977965,0.005828,13,0.007738
OD1,Synthesizer,1680,-2.891978,0.082166,218,0.129762
RAT,Music,8400,0.524199,0.613105,8214,0.977857
RAT,Musical instrument,8400,-1.649002,0.222997,6677,0.794881
RAT,Guitar,8400,-2.187933,0.187842,4955,0.589881
RAT,Bass guitar,8400,-3.817467,0.049932,155,0.018452
RAT,Distortion,8400,-1.829788,0.240725,4838,0.575952
RAT,Effects unit,8400,-2.033791,0.196093,4199,0.499881
RAT,Electronic tuner,8400,-3.926152,0.043407,116,0.013810
RAT,Noise,8400,-5.954294,0.010933,231,0.027500
RAT,Synthesizer,8400,-4.008383,0.035278,382,0.045476
RBM,Music,8400,-0.118983,0.494024,8111,0.965595
RBM,Musical instrument,8400,-2.302406,0.140210,4996,0.594762
RBM,Guitar,8400,-3.882798,0.070589,1302,0.155000
RBM,Bass guitar,8400,-4.504324,0.037397,126,0.015000
RBM,Distortion,8400,-2.485142,0.190699,4195,0.499405
RBM,Effects unit,8400,-2.735486,0.139040,3313,0.394405
RBM,Electronic tuner,8400,-5.199723,0.024691,101,0.012024
RBM,Noise,8400,-3.318530,0.077835,2658,0.316429
RBM,Synthesizer,8400,-2.986036,0.120956,2930,0.348810
SD1,Music,8400,1.039414,0.718576,8396,0.999524
SD1,Musical instrument,8400,-1.172780,0.261888,7688,0.915238
SD1,Guitar,8400,-1.869737,0.186831,4854,0.577857
SD1,Bass guitar,8400,-3.614401,0.045364,51,0.006071
SD1,Distortion,8400,-1.665083,0.238199,4458,0.530714
SD1,Effects unit,8400,-1.654443,0.216760,4835,0.575595
SD1,Electronic tuner,8400,-3.227401,0.067459,543,0.064643
SD1,Noise,8400,-7.169946,0.005242,61,0.007262
SD1,Synthesizer,8400,-3.188024,0.075119,1129,0.134405
TS9,Music,8400,1.101746,0.734513,8400,1.000000
TS9,Musical instrument,8400,-1.008794,0.283235,7947,0.946071
TS9,Guitar,8400,-1.738740,0.188385,4619,0.549881
TS9,Bass guitar,8400,-3.473569,0.047276,46,0.005476
TS9,Distortion,8400,-1.883000,0.207373,3320,0.395238
TS9,Effects unit,8400,-1.713182,0.204366,4094,0.487381
TS9,Electronic tuner,8400,-2.733316,0.084571,591,0.070357
TS9,Noise,8400,-7.198112,0.002174,16,0.001905
TS9,Synthesizer,8400,-2.950833,0.085915,1034,0.123095
VTB,Music,2100,0.107520,0.528539,2090,0.995238
VTB,Musical instrument,2100,-2.442387,0.110831,1498,0.713333
VTB,Guitar,2100,-3.287607,0.072801,768,0.365714
VTB,Bass guitar,2100,-4.761431,0.021739,21,0.010000
VTB,Distortion,2100,-4.242800,0.045026,295,0.140476
VTB,Effects unit,2100,-4.327834,0.033367,79,0.037619
VTB,Electronic tuner,2100,-4.678074,0.022629,36,0.017143
VTB,Noise,2100,-6.602778,0.014051,146,0.069524
VTB,Synthesizer,2100,-4.796910,0.018032,81,0.038571
