top1_name,count,fraction
Music,85923,0.660946
"Air horn, truck horn",31457,0.241977
Synthesizer,8729,0.067146
Sine wave,1219,0.009377
Noise,939,0.007223
Electronic tuner,397,0.003054
Sound effect,350,0.002692
Siren,316,0.002431
Train,230,0.001769
Busy signal,119,0.000915
"Vehicle horn, car horn, honking",66,0.000508
"Wind instrument, woodwind instrument",58,0.000446
Chirp tone,35,0.000269
Boing,33,0.000254
Cacophony,24,0.000185
Brass instrument,23,0.000177
Foghorn,13,0.000100
Plop,10,0.000077
Ping,8,0.000062
Vehicle,7,0.000054
Car alarm,7,0.000054
Clang,6,0.000046
Shofar,6,0.000046
Buzzer,6,0.000046
Ding-dong,3,0.000023
Bicycle bell,3,0.000023
Sidetone,3,0.000023
Ding,2,0.000015
"Electric shaver, electric razor",2,0.000015
"Beep, bleep",1,0.000008
Electric toothbrush,1,0.000008
Theremin,1,0.000008
Doorbell,1,0.000008
Alarm,1,0.000008
Keyboard (musical),1,0.000008
