source_label,audioset_class,index,n,mean_logit,mean_prob,top5_count,top5_fraction
808,Music,137,50,0.753386,0.653061,50,1.000000
808,Musical instrument,138,50,-1.944207,0.160635,32,0.640000
808,Guitar,140,50,-3.178391,0.071871,6,0.120000
808,Bass guitar,142,50,-4.443359,0.025804,0,0.000000
808,Distortion,517,50,-3.691885,0.069958,6,0.120000
808,Effects unit,463,50,-3.093173,0.090094,10,0.200000
808,Electronic tuner,462,50,-2.180601,0.149565,25,0.500000
808,Noise,513,50,-5.896113,0.014055,2,0.040000
808,Synthesizer,158,50,-1.087499,0.305403,44,0.880000
BD2,Music,137,50,-0.242245,0.507992,44,0.880000
BD2,Musical instrument,138,50,-2.813853,0.127373,32,0.640000
BD2,Guitar,140,50,-4.041284,0.055564,6,0.120000
BD2,Bass guitar,142,50,-5.574727,0.016416,0,0.000000
BD2,Distortion,517,50,-4.997769,0.045469,3,0.060000
BD2,Effects unit,463,50,-4.436880,0.050159,6,0.120000
BD2,Electronic tuner,462,50,-3.977354,0.066514,10,0.200000
BD2,Noise,513,50,-5.537588,0.033701,4,0.080000
BD2,Synthesizer,158,50,-2.347932,0.199939,29,0.580000
BMF,Music,137,50,0.342937,0.582683,49,0.980000
BMF,Musical instrument,138,50,-2.414873,0.125362,26,0.520000
BMF,Guitar,140,50,-3.807266,0.040610,4,0.080000
BMF,Bass guitar,142,50,-4.934688,0.013103,0,0.000000
BMF,Distortion,517,50,-3.993784,0.047027,4,0.080000
BMF,Effects unit,463,50,-3.335801,0.062466,7,0.140000
BMF,Electronic tuner,462,50,-3.718594,0.052039,4,0.080000
BMF,Noise,513,50,-3.878828,0.035352,4,0.080000
BMF,Synthesizer,158,50,-0.691195,0.403442,43,0.860000
DPL,Music,137,50,-0.459694,0.473689,41,0.820000
DPL,Musical instrument,138,50,-3.002666,0.147556,27,0.540000
DPL,Guitar,140,50,-4.547354,0.056715,6,0.120000
DPL,Bass guitar,142,50,-6.120801,0.013887,0,0.000000
DPL,Distortion,517,50,-5.255127,0.053464,6,0.120000
DPL,Effects unit,463,50,-4.686240,0.062038,7,0.140000
DPL,Electronic tuner,462,50,-4.317236,0.051272,4,0.080000
DPL,Noise,513,50,-5.273340,0.022464,4,0.080000
DPL,Synthesizer,158,50,-2.182347,0.242876,32,0.640000
DS1,Music,137,50,0.129382,0.549398,48,0.960000
DS1,Musical instrument,138,50,-2.522022,0.128623,26,0.520000
DS1,Guitar,140,50,-3.592730,0.070020,8,0.160000
DS1,Bass guitar,142,50,-5.313066,0.016538,0,0.000000
DS1,Distortion,517,50,-4.254981,0.057818,5,0.100000
DS1,Effects unit,463,50,-3.682156,0.070131,8,0.160000
DS1,Electronic tuner,462,50,-4.096997,0.055449,5,0.100000
DS1,Noise,513,50,-3.208833,0.107262,18,0.360000
DS1,Synthesizer,158,50,-1.327336,0.304177,39,0.780000
FFC,Music,137,50,-0.440150,0.477817,43,0.860000
FFC,Musical instrument,138,50,-3.094805,0.122404,27,0.540000
FFC,Guitar,140,50,-4.404814,0.055610,5,0.100000
FFC,Bass guitar,142,50,-6.043555,0.016382,0,0.000000
FFC,Distortion,517,50,-4.987581,0.067863,8,0.160000
FFC,Effects unit,463,50,-4.483809,0.066276,7,0.140000
FFC,Electronic tuner,462,50,-4.941582,0.033637,1,0.020000
FFC,Noise,513,50,-4.896758,0.030244,6,0.120000
FFC,Synthesizer,158,50,-2.260765,0.216769,34,0.680000
MGS,Music,137,50,0.549921,0.613777,50,1.000000
MGS,Musical instrument,138,50,-2.119546,0.167633,29,0.580000
MGS,Guitar,140,50,-3.505166,0.069476,6,0.120000
MGS,Bass guitar,142,50,-5.225098,0.016590,0,0.000000
MGS,Distortion,517,50,-4.683369,0.035624,3,0.060000
MGS,Effects unit,463,50,-3.744375,0.061583,4,0.080000
MGS,Electronic tuner,462,50,-2.203307,0.178221,23,0.460000
MGS,Noise,513,50,-6.113848,0.013364,2,0.040000
MGS,Synthesizer,158,50,-1.508404,0.261534,35,0.700000
MT2,Music,137,50,-0.305792,0.480265,44,0.880000
MT2,Musical instrument,138,50,-3.145630,0.118383,25,0.500000
MT2,Guitar,140,50,-4.070273,0.073694,14,0.280000
MT2,Bass guitar,142,50,-5.794726,0.013701,0,0.000000
MT2,Distortion,517,50,-4.675596,0.050473,6,0.120000
MT2,Effects unit,463,50,-4.070566,0.055811,5,0.100000
MT2,Electronic tuner,462,50,-4.286660,0.041412,4,0.080000
MT2,Noise,513,50,-4.753262,0.030970,4,0.080000
MT2,Synthesizer,158,50,-2.256560,0.176084,26,0.520000
NoFX,Music,137,50,2.083584,0.877585,50,1.000000
NoFX,Musical instrument,138,50,-1.117693,0.258766,42,0.840000
NoFX,Guitar,140,50,-1.522874,0.217189,39,0.780000
NoFX,Bass guitar,142,50,-3.096807,0.084083,6,0.120000
NoFX,Distortion,517,50,-4.613242,0.017447,0,0.000000
NoFX,Effects unit,463,50,-3.089277,0.066011,3,0.060000
NoFX,Electronic tuner,462,50,0.823370,0.674785,49,0.980000
NoFX,Noise,513,50,-7.694531,0.000991,0,0.000000
NoFX,Synthesizer,158,50,-2.370496,0.126756,12,0.240000
OD1,Music,137,50,-0.007158,0.517917,47,0.940000
OD1,Musical instrument,138,50,-2.552600,0.154482,29,0.580000
OD1,Guitar,140,50,-4.021089,0.064806,7,0.140000
OD1,Bass guitar,142,50,-5.674492,0.017447,0,0.000000
OD1,Distortion,517,50,-4.748496,0.043903,1,0.020000
OD1,Effects unit,463,50,-4.022110,0.067387,7,0.140000
OD1,Electronic tuner,462,50,-3.356809,0.093837,13,0.260000
OD1,Noise,513,50,-5.757676,0.017273,5,0.100000
OD1,Synthesizer,158,50,-1.885559,0.231675,29,0.580000
RAT,Music,137,50,0.143068,0.565127,47,0.940000
RAT,Musical instrument,138,50,-2.399292,0.160165,31,0.620000
RAT,Guitar,140,50,-3.435962,0.085174,11,0.220000
RAT,Bass guitar,142,50,-5.337031,0.014743,0,0.000000
RAT,Distortion,517,50,-3.882417,0.084247,9,0.180000
RAT,Effects unit,463,50,-3.316731,0.099772,13,0.260000
RAT,Electronic tuner,462,50,-3.696221,0.063763,6,0.120000
RAT,Noise,513,50,-4.576933,0.029874,6,0.120000
RAT,Synthesizer,158,50,-2.010280,0.232286,32,0.640000
RBM,Music,137,50,0.209771,0.559809,47,0.940000
RBM,Musical instrument,138,50,-2.509990,0.122965,20,0.400000
RBM,Guitar,140,50,-4.043203,0.052910,5,0.100000
RBM,Bass guitar,142,50,-5.516289,0.012558,0,0.000000
RBM,Distortion,517,50,-3.810894,0.074766,6,0.120000
RBM,Effects unit,463,50,-3.200278,0.091360,12,0.240000
RBM,Electronic tuner,462,50,-3.285513,0.074215,9,0.180000
RBM,Noise,513,50,-3.470195,0.071131,13,0.260000
RBM,Synthesizer,158,50,-0.651949,0.391062,43,0.860000
SD1,Music,137,50,0.328616,0.589220,48,0.960000
SD1,Musical instrument,138,50,-2.239590,0.139365,31,0.620000
SD1,Guitar,140,50,-3.436719,0.063875,8,0.160000
SD1,Bass guitar,142,50,-5.156953,0.013195,0,0.000000
SD1,Distortion,517,50,-4.022978,0.051947,7,0.140000
SD1,Effects unit,463,50,-3.444824,0.068651,8,0.160000
SD1,Electronic tuner,462,50,-2.774560,0.111526,19,0.380000
SD1,Noise,513,50,-5.616895,0.016750,3,0.060000
SD1,Synthesizer,158,50,-1.732721,0.213221,35,0.700000
TS9,Music,137,50,0.498080,0.610250,50,1.000000
TS9,Musical instrument,138,50,-2.225557,0.141756,29,0.580000
TS9,Guitar,140,50,-3.377695,0.067635,9,0.180000
TS9,Bass guitar,142,50,-4.926250,0.018663,0,0.000000
TS9,Distortion,517,50,-3.880928,0.074136,8,0.160000
TS9,Effects unit,463,50,-3.276135,0.086737,7,0.140000
TS9,Electronic tuner,462,50,-2.346103,0.138890,21,0.420000
TS9,Noise,513,50,-5.901094,0.014695,2,0.040000
TS9,Synthesizer,158,50,-1.516401,0.242337,38,0.760000
VTB,Music,137,50,-1.824364,0.266366,36,0.720000
VTB,Musical instrument,138,50,-4.383672,0.060184,20,0.400000
VTB,Guitar,140,50,-5.592285,0.021925,4,0.080000
VTB,Bass guitar,142,50,-7.214883,0.005251,0,0.000000
VTB,Distortion,517,50,-6.765039,0.015195,2,0.040000
VTB,Effects unit,463,50,-6.389219,0.014241,2,0.040000
VTB,Electronic tuner,462,50,-5.767832,0.026936,6,0.120000
VTB,Noise,513,50,-7.132949,0.007644,1,0.020000
VTB,Synthesizer,158,50,-4.463997,0.063151,16,0.320000
